var,SBP,MAP,Temp_C,Creatinine,BUN,Potassium,Sodium,Bicarbonate,Glucose,Hemoglobin,WBC,Platelets,Lactate
SBP,1.0,0.704558640354259,-0.007194244604316554,0.5731816206611905,0.5731816206611905,0.7045586403542589,0.7045586403542589,0.5731816206611905,0.5731816206611905,0.3697169829504919,0.3697169829504919,0.34453597195535773,-0.06126596872645725
MAP,0.704558640354259,1.0,-0.010210994787742891,0.3978591462799005,0.3978591462799005,0.4927536231884059,0.4927536231884059,0.3978591462799005,0.3978591462799005,0.2485656794997483,0.2485656794997483,0.22968634931176676,0.0398550724637681
Temp_C,-0.007194244604316554,-0.010210994787742891,1.0,0.5731816206611905,0.5731816206611905,0.7045586403542587,0.7045586403542587,0.5731816206611905,0.5731816206611905,0.3697169829504918,0.3697169829504918,0.34453597195535784,0.11742644005904312
Creatinine,0.5731816206611905,0.3978591462799005,0.5731816206611905,1.0,1.0,0.8135328811991991,0.8135328811991991,1.0,1.0,0.6450258864267263,0.6450258864267263,0.6010938933420792,-0.0029690981065664266
BUN,0.5731816206611905,0.3978591462799005,0.5731816206611905,1.0,1.0,0.8135328811991991,0.8135328811991991,1.0,1.0,0.6450258864267263,0.6450258864267263,0.6010938933420792,-0.0029690981065664266
Potassium,0.7045586403542589,0.4927536231884059,0.7045586403542587,0.8135328811991991,0.8135328811991991,1.0,1.0,0.8135328811991991,0.8135328811991991,0.5247497678328018,0.5247497678328018,0.4890096469218259,0.03985507246376809
Sodium,0.7045586403542589,0.4927536231884059,0.7045586403542587,0.8135328811991991,0.8135328811991991,1.0,1.0,0.8135328811991991,0.8135328811991991,0.5247497678328018,0.5247497678328018,0.4890096469218259,0.03985507246376809
Bicarbonate,0.5731816206611905,0.3978591462799005,0.5731816206611905,1.0,1.0,0.8135328811991991,0.8135328811991991,1.0,1.0,0.6450258864267263,0.6450258864267263,0.6010938933420792,-0.0029690981065664266
Glucose,0.5731816206611905,0.3978591462799005,0.5731816206611905,1.0,1.0,0.8135328811991991,0.8135328811991991,1.0,1.0,0.6450258864267263,0.6450258864267263,0.6010938933420792,-0.0029690981065664266
Hemoglobin,0.3697169829504919,0.2485656794997483,0.3697169829504918,0.6450258864267263,0.6450258864267263,0.5247497678328018,0.5247497678328018,0.6450258864267263,0.6450258864267263,1.0,1.0,0.9318911162960934,0.11047363533322146
WBC,0.3697169829504919,0.2485656794997483,0.3697169829504918,0.6450258864267263,0.6450258864267263,0.5247497678328018,0.5247497678328018,0.6450258864267263,0.6450258864267263,1.0,1.0,0.9318911162960934,0.11047363533322146
Platelets,0.34453597195535773,0.22968634931176676,0.34453597195535784,0.6010938933420792,0.6010938933420792,0.4890096469218259,0.4890096469218259,0.6010938933420792,0.6010938933420792,0.9318911162960934,0.9318911162960934,1.0,0.08150160782030424
Lactate,-0.06126596872645725,0.0398550724637681,0.11742644005904312,-0.0029690981065664266,-0.0029690981065664266,0.03985507246376809,0.03985507246376809,-0.0029690981065664266,-0.0029690981065664266,0.11047363533322146,0.11047363533322146,0.08150160782030424,1.0
