,HR,RR,SpO2,SBP,MAP,Temp_C,Creatinine,BUN,Potassium,Sodium,Bicarbonate,Glucose,Hemoglobin,WBC,Platelets,Lactate,n_stays
CCU,0.0,0.0,0.0,0.0,0.0,7.7,7.7,7.7,7.7,7.7,7.7,7.7,7.7,7.7,7.7,23.1,13
CVICU,0.0,0.0,0.0,0.0,0.0,0.0,0.0,0.0,0.0,0.0,0.0,0.0,0.0,0.0,0.0,16.0,25
MICU,0.0,0.0,0.0,3.4,3.4,0.0,3.4,3.4,3.4,3.4,3.4,3.4,10.3,10.3,10.3,37.9,29
MICU/SICU,0.0,0.0,0.0,0.0,0.0,0.0,0.0,0.0,0.0,0.0,0.0,0.0,4.3,4.3,4.3,30.4,23
Neuro Intermediate,0.0,0.0,0.0,0.0,0.0,0.0,0.0,0.0,0.0,0.0,0.0,0.0,0.0,0.0,0.0,100.0,1
Neuro SICU,0.0,0.0,0.0,0.0,0.0,0.0,0.0,0.0,0.0,0.0,0.0,0.0,0.0,0.0,0.0,33.3,3
Neuro Stepdown,0.0,0.0,0.0,0.0,0.0,0.0,0.0,0.0,0.0,0.0,0.0,0.0,0.0,0.0,0.0,0.0,1
SICU,0.0,0.0,0.0,0.0,3.4,0.0,3.4,3.4,0.0,0.0,3.4,3.4,6.9,6.9,6.9,48.3,29
TSICU,0.0,0.0,0.0,0.0,0.0,0.0,0.0,0.0,0.0,0.0,0.0,0.0,0.0,0.0,6.2,43.8,16
