var,HR,RR,SpO2,SBP,MAP,Temp_C,Creatinine,BUN,Potassium,Sodium,Bicarbonate,Hemoglobin,Glucose,WBC,Platelets
HR,1.0,0.249,0.053,-0.241,-0.164,0.114,-0.024,0.1,0.088,-0.188,-0.114,-0.096,0.135,-0.014,-0.099
RR,0.249,1.0,-0.299,-0.144,-0.256,0.179,-0.114,0.003,-0.031,-0.037,-0.149,-0.057,0.212,0.169,-0.06
SpO2,0.053,-0.299,1.0,0.133,0.179,-0.107,0.098,0.11,0.14,-0.003,-0.018,-0.26,-0.036,-0.138,-0.12
SBP,-0.241,-0.144,0.133,1.0,0.768,0.09,0.084,-0.115,0.084,0.238,0.061,0.042,0.073,0.076,0.295
MAP,-0.164,-0.256,0.179,0.768,1.0,0.095,0.087,-0.133,-0.044,0.217,0.095,0.235,0.042,-0.044,0.295
Temp_C,0.114,0.179,-0.107,0.09,0.095,1.0,-0.102,-0.052,-0.14,0.211,0.001,0.088,0.059,-0.004,0.029
Creatinine,-0.024,-0.114,0.098,0.084,0.087,-0.102,1.0,0.716,0.367,-0.01,-0.29,-0.111,-0.007,-0.011,-0.163
BUN,0.1,0.003,0.11,-0.115,-0.133,-0.052,0.716,1.0,0.357,-0.047,-0.312,-0.155,0.091,-0.027,-0.204
Potassium,0.088,-0.031,0.14,0.084,-0.044,-0.14,0.367,0.357,1.0,-0.157,-0.121,-0.054,0.204,0.147,-0.086
Sodium,-0.188,-0.037,-0.003,0.238,0.217,0.211,-0.01,-0.047,-0.157,1.0,0.125,-0.024,-0.113,-0.063,0.053
Bicarbonate,-0.114,-0.149,-0.018,0.061,0.095,0.001,-0.29,-0.312,-0.121,0.125,1.0,0.162,-0.175,-0.264,0.255
Hemoglobin,-0.096,-0.057,-0.26,0.042,0.235,0.088,-0.111,-0.155,-0.054,-0.024,0.162,1.0,0.001,-0.052,0.038
Glucose,0.135,0.212,-0.036,0.073,0.042,0.059,-0.007,0.091,0.204,-0.113,-0.175,0.001,1.0,0.097,0.021
WBC,-0.014,0.169,-0.138,0.076,-0.044,-0.004,-0.011,-0.027,0.147,-0.063,-0.264,-0.052,0.097,1.0,0.055
Platelets,-0.099,-0.06,-0.12,0.295,0.295,0.029,-0.163,-0.204,-0.086,0.053,0.255,0.038,0.021,0.055,1.0
